,temperature,temperature,temperature,temperature,temperature,temperature,temperature,temperature,voltage,voltage,voltage,voltage,voltage,voltage,voltage,voltage
,count,mean,std,min,25%,50%,75%,max,count,mean,std,min,25%,50%,75%,max
satellite_id,,,,,,,,,,,,,,,,
SAT001,48.0,37.02625,8.208916694538464,17.97,31.6,36.53,42.6375,60.39,48.0,8.475833333333334,0.6699280156101033,5.28,8.184999999999999,8.45,8.9625,9.59
SAT002,48.0,37.19833333333333,13.024704404426807,-13.42,31.5325,37.95,43.067499999999995,71.18,48.0,8.560208333333334,0.5264998417220401,6.83,8.3375,8.545,8.915,9.66
SAT003,48.0,30.612291666666664,17.211523260141654,-45.94,27.8275,33.57,38.425,51.55,48.0,8.485416666666667,0.7410227501987079,5.61,8.2675,8.61,8.9325,9.52
